<?xml version="1.0" encoding="UTF-8"?>
<syntax> 

    <head>

        <name>LaTeX</name>

        <autocompleteoptions use-spelling-dictionary="yes" />  

        <charsintokens><![CDATA[_0987654321abcdefghijklmnopqrstuvwxyzABCDEFGHIJKLMNOPQRSTUVWXYZ@]]></charsintokens> 
        <!-- <charsdelimitingtokens><![CDATA[ -]]></charsdelimitingtokens> -->
        
        <!-- <charsincompletion><![CDATA[_0987654321abcdefghijklmnopqrstuvwxyzABCDEFGHIJKLMNOPQRSTUVWXYZ-@$</=>!]]></charsincompletion> -->
		
    </head>

    <states>
    
        <default id="Base" color="#000" inverted-color="#fff">
               
            <state id="SingleComment" color="#236E25" font-style="italic">
                <begin><regex>%</regex></begin>
                <end><regex>[\n\r]</regex></end>
            </state>
            
			<keywords id="Keywords" color="#881350" useforautocomplete="no">
                <regex>(\\\w+[\t ]*{[^}]*})</regex>
                <regex>((?:(?:(?&lt;!\\)(?:\\\\)*)|^)\\[\w\d]+)</regex>
            </keywords>
            
            <keywords id="Newline" color="#ff0000" useforautocomplete="no">
                <regex>(\\\\)</regex>
            </keywords>
            
            <keywords id="Structuring Keywords" color="#881350" font-weight="bold"> 
                <regex>(\\part[\t ]*{[^}]*})</regex>
                <regex>(\\chapter[\t ]*{[^}]*})</regex>
                <regex>(\\section[\t ]*{[^}]*})</regex>
                <regex>(\\subsection[\t ]*{[^}]*})</regex>
                <regex>(\\subsubsection[\t ]*{[^}]*})</regex>
                <regex>(\\paragraph[\t ]*{[^}]*})</regex>
                <regex>(\\subparagraph[\t ]*{[^}]*})</regex>
            </keywords>

            <keywords id="Functions" color="#408" useforautocomplete="no">
                <regex>((?:\[[\w\d,\. ]*\])?(?:{[^}]*(?=})[^{]*})+)</regex>
            </keywords>

			<state id="Inline Math" color="#a00" font-style="italic">
				<begin><regex>(?&lt;!\\)\$</regex></begin>
				<end><regex>(?&lt;!\\)\$</regex></end>
			</state>

        </default>
        
    </states>

</syntax>